<?xml version="1.0"?>
<!--
** DO NOT EDIT THIS FILE.
** If you make changes to this file while any VirtualBox related application
** is running, your changes will be overwritten later, without taking effect.
** Use VBoxManage or the VirtualBox Manager GUI to make changes.
-->
<VirtualBox xmlns="http://www.virtualbox.org/" version="1.12-linux">
  <Global>
    <ExtraData>
      <ExtraDataItem name="GUI/Details/Elements" value="general,system,preview,display,storage,audio,network,usb,sharedFolders,description"/>
      <ExtraDataItem name="GUI/GroupDefinitions/" value="n=GLOBAL,m=38c01641-2e07-46a2-b7a8-5ea25858ae16,m=64d59cbb-8edc-4f13-b335-0c10bc568ebf"/>
      <ExtraDataItem name="GUI/LastItemSelected" value="m=h4ckl4b-w10"/>
      <ExtraDataItem name="GUI/LastWindowPosition" value="566,290,777,456"/>
      <ExtraDataItem name="GUI/SplitterSizes" value="251,525"/>
      <ExtraDataItem name="GUI/Toolbar" value="false"/>
      <ExtraDataItem name="GUI/Tools/LastItemsSelected" value="Welcome,Details"/>
      <ExtraDataItem name="GUI/UpdateCheckCount" value="9"/>
      <ExtraDataItem name="GUI/UpdateDate" value="1 d, 2021-08-07, stable, 6.1.18"/>
      <ExtraDataItem name="HostOnly/vboxnet0/IPAddress" value="192.168.56.1"/>
      <ExtraDataItem name="HostOnly/vboxnet0/IPNetMask" value="255.255.255.0"/>
    </ExtraData>
    <MachineRegistry>
      <MachineEntry uuid="{38c01641-2e07-46a2-b7a8-5ea25858ae16}" src="/home/adupuy/VirtualBox VMs/h4ckl4b-kali/h4ckl4b-kali.vbox"/>
      <MachineEntry uuid="{64d59cbb-8edc-4f13-b335-0c10bc568ebf}" src="/home/adupuy/VirtualBox VMs/h4ckl4b-w10/h4ckl4b-w10.vbox"/>
      <MachineEntry uuid="{5862c45e-9bea-46b6-aade-8c5da555efe9}" src="/home/adupuy/.Genymobile/Genymotion/deployed/Samsung Galaxy S10/Samsung Galaxy S10.vbox"/>
    </MachineRegistry>
    <NetserviceRegistry>
      <DHCPServers>
        <DHCPServer networkName="HostInterfaceNetworking-vboxnet0" IPAddress="192.168.56.100" networkMask="255.255.255.0" lowerIP="192.168.56.101" upperIP="192.168.56.254" enabled="1"/>
      </DHCPServers>
    </NetserviceRegistry>
    <SystemProperties defaultMachineFolder="/home/adupuy/VirtualBox VMs" defaultHardDiskFormat="VDI" VRDEAuthLibrary="VBoxAuth" webServiceAuthLibrary="VBoxAuth" LogHistoryCount="3" proxyMode="0" exclusiveHwVirt="true"/>
    <USBDeviceFilters/>
  </Global>
</VirtualBox>
